{
  "best_band": [
    13,
    30
  ],
  "best_order": 2,
  "mean_acc_across_subjects": 0.656566025804663,
  "n_subjects": 6,
  "subjects": [
    "PAT013",
    "PAT015",
    "PAT021_A",
    "PATID15",
    "PATID16",
    "PATID26"
  ],
  "per_subject_best": {
    "PAT013": {
      "best_band": [
        13,
        30
      ],
      "best_order": 2,
      "best_acc": 0.6335600907029478
    },
    "PAT015": {
      "best_band": [
        13,
        30
      ],
      "best_order": 2,
      "best_acc": 0.6811917404129794
    },
    "PAT021_A": {
      "best_band": [
        8,
        30
      ],
      "best_order": 4,
      "best_acc": 0.7208697923468721
    },
    "PATID15": {
      "best_band": [
        8,
        28
      ],
      "best_order": 2,
      "best_acc": 0.7903061224489796
    },
    "PATID16": {
      "best_band": [
        6,
        30
      ],
      "best_order": 4,
      "best_acc": 0.6313285217856188
    },
    "PATID26": {
      "best_band": [
        13,
        30
      ],
      "best_order": 2,
      "best_acc": 0.6065828229463743
    }
  },
  "aggregated_scores_mean": {
    "([4, 40], 2)": 0.6165769667260438,
    "([4, 40], 4)": 0.6133500863009614,
    "([4, 40], 6)": 0.6136918803932335,
    "([6, 35], 2)": 0.6400602320733241,
    "([6, 35], 4)": 0.6378327849764349,
    "([6, 35], 6)": 0.6341769838467494,
    "([6, 30], 2)": 0.6401213803790621,
    "([6, 30], 4)": 0.6377153271335506,
    "([6, 30], 6)": 0.6319183324142227,
    "([8, 30], 2)": 0.6511755525773445,
    "([8, 30], 4)": 0.6540985412225028,
    "([8, 30], 6)": 0.6530580572430112,
    "([8, 28], 2)": 0.6471875512434905,
    "([8, 28], 4)": 0.6527299840827298,
    "([8, 28], 6)": 0.6533412211381354,
    "([8, 24], 2)": 0.6416951173150237,
    "([8, 24], 4)": 0.6440961386031413,
    "([8, 24], 6)": 0.6428104179207871,
    "([8, 20], 2)": 0.6419028269748568,
    "([8, 20], 4)": 0.6416017932393958,
    "([8, 20], 6)": 0.6404344665680841,
    "([8, 13], 2)": 0.6116419711051929,
    "([8, 13], 4)": 0.6161671274756501,
    "([8, 13], 6)": 0.6137848845471315,
    "([13, 30], 2)": 0.656566025804663,
    "([13, 30], 4)": 0.6555909085043158,
    "([13, 30], 6)": 0.6548995589480294
  }
}